{
    "Name": "Seasonal Salad (Spring)",
    "Description": ".",
    "Category": "Cooking",
    "Edibility": 90,
    "EdibleIsDrink": false,
     "EdibleBuffs": {
    "Farming": 1,
    "Fishing": 0,
    "Mining": 1,
    "Luck": 1,
    "Foraging": 0,
    "MaxStamina": 20,
    "MagnetRadius": 0,
    "Speed": 1,
    "Defense": 1,
    "Attack": 1,
    "Duration": 540,
  },
    "Price": 240,
    "IsColored": false,
    "Recipe":
    {
        "ResultCount": 1,
        "Ingredients": [
        {
            "Object": 24,
            "Count": 1,
        },
        {
            "Object": 250,
            "Count": 1,
        },
        {
            "Object": 248,
            "Count": 1,
        },
        {
            "Object": 190,
            "Count": 1,
        }],
        "CanPurchase": false,
    },
}